,DoppelGANger_0814,tGAN,tGAN_1,tGAN_2,DoppelGANger_0824,tGAN_4
LR,13172.642118733764,14747.714031415859,109499.54077607788,15624.804541827556,565870.9443295455,14077.42082924015
DTR,26144.238525912173,45393.37434807153,181422.43008630277,48523.73381438564,53813.76802015212,139568.41801811982
SVM,5363.864645953502,18053.12487455733,111904.11223651604,17257.940616784563,1269378.58553693,20008.915093124902
RFR,5843.806185324698,34221.27590305078,124571.94131994882,26372.382873396422,321808.26759578154,88635.44724075486
KNR1,2860.6412566235,18913.387441617084,118325.99635569035,31795.82127480824,22142.48112871777,18405.546498844884
KNR5,2860.6412566235,18913.387441617084,118325.99635569035,31795.82127480824,22142.48112871777,18405.546498844884
