,DoppelGANger_0814,DoppelGANger_0814,tGAN,tGAN,tGAN_1,tGAN_1,tGAN_2,tGAN_2,DoppelGANger_0824,DoppelGANger_0824,tGAN_4,tGAN_4
,ori,gen,ori,gen,ori,gen,ori,gen,ori,gen,ori,gen
LR,404.7009434213596,590.6890312891485,241.88962228273434,0.4444882069304353,164.7670100668988,13.087746872915174,158.49270635276483,13.407774387992022,1506.6899329635737,2385.7234395623404,154.7443698850088,17.378767992966914
DTR,769.2024371287768,758.7367822147605,326.61127834189364,0.09740272992745437,374.77702092613544,1.2337016997383288,238.23351566055513,0.31298469070387896,2596.9747356145735,2520.2856721090975,242.38060190590468,0.4661730229169337
SVM,452.23330507295196,646.5974821539963,260.6573389449031,1.713455740131655,180.61632254075116,24.526461377206214,175.13480348497322,25.759783269106652,1607.039214500918,2742.32889769242,235.40448477047968,34.613487036260445
RFR,403.92666133103796,386.07882923243653,223.4577339175595,0.03148876695773053,245.1361106359969,0.6184034315342445,151.20959551572204,0.1657566024924245,1827.2500357081292,1277.4699889266901,159.40638676427363,0.21354917204113935
KNR1,433.610385462909,482.9006717443834,200.0201974056885,0.7772585689774968,183.18198386290612,4.516419688996822,163.8921600380816,1.6794222887465502,1745.0057410400539,1579.3111496126414,165.14524005712244,1.5002214399451839
KNR5,433.610385462909,482.9006717443834,200.0201974056885,0.7772585689774968,183.18198386290612,4.516419688996822,163.8921600380816,1.6794222887465502,1745.0057410400539,1579.3111496126414,165.14524005712244,1.5002214399451839
