,DoppelGANger_0814,tGAN,tGAN_1,tGAN_2,DoppelGANger_0824,tGAN_4
LR,444.4697905078707,2345.1809856853974,2073.3473714543757,1168.5678424461164,1845.9410816873126,1377.3419057814497
DTR,991.8593136166846,315.6538516801734,278.0050870240211,294.32093759117635,9202.177198922893,244.1769970413308
SVM,465.95134100169236,958.8200755350803,733.9098119636329,883.1046075866938,1417.4256881793156,1305.6026291784076
RFR,505.8019732902658,308.3676712836032,269.99158122756734,277.5199175177204,5893.1676155752575,237.8259613563789
KNR1,575.5631853885077,356.28124236056146,186.17366997010922,277.86737383367824,4584.3057022754965,299.3871133406837
KNR5,575.5631853885077,356.28124236056146,186.17366997010922,277.86737383367824,4584.3057022754965,299.3871133406837
