,,DoppelGANger_0827 generated,DoppelGANger_0827 original
diar_No,1.0,0.9999396621078037,0.9683223413025557
diar_No,0.0,6.033789219629928e-05,0.03167765869744435
diar_Yes,0.0,0.9999396621078037,0.9683223413025557
diar_Yes,1.0,6.033789219629928e-05,0.03167765869744435
head_No,1.0,0.9997787610619469,0.8813272877164056
head_No,0.0,0.00022123893805309734,0.1186727122835944
head_Yes,0.0,0.9997787610619469,0.8813272877164056
head_Yes,1.0,0.00022123893805309734,0.1186727122835944
