,,DoppelGANger_0824 generated,DoppelGANger_0824 original
diar_No,1.0,0.9887418888863412,0.9683223413025557
diar_No,0.0,0.011258111113658771,0.03167765869744435
diar_Yes,0.0,0.9887418888863412,0.9683223413025557
diar_Yes,1.0,0.011258111113658771,0.03167765869744435
head_No,1.0,0.9474468621741224,0.8813272877164056
head_No,0.0,0.0525531378258776,0.1186727122835944
head_Yes,0.0,0.9474468621741224,0.8813272877164056
head_Yes,1.0,0.0525531378258776,0.1186727122835944
