,DoppelGANger_0814,DoppelGANger_0824,DoppelGANger_0827,tGAN,tGAN 1,tGAN 2,tGAN 4
dday,0.10494235131122323,0.012104569813601206,0.0008101370744693854,2.651351804195028e-16,2.9636010896337837e-05,1.3563853476968063e-06,5.509968575033344e-07
weight,0.0844174064331307,0.00481089724464818,0.007081609030249958,8.492919122274019e-08,0.05729168418840166,0.014791159636624623,0.35610211731644037
height,0.3192963385200202,0.018760944204964748,0.02295093984619615,2.1314055199127774e-07,0.04376646010154953,0.027321406753336462,0.2905990436072374
age,0.030305468481160253,,,,,,
temp,3.989333985054426e-05,0.00019086444780812934,0.0011487040678622535,1.8060341941328752e-09,0.00024397977875134018,0.00012690321185209594,0.08522920567657226
vomit_dur,,7.314660911006561e-11,2.1559461958314398e-07,5.746595404421993e-51,5.606447886285487e-51,1.5170972215471996e-52,2.8878000814602573e-52
cough_dur,,3.873289395222829e-09,5.99439588027387e-05,7.916436799997614e-33,3.982977058234156e-34,1.5594875416526684e-36,1.9545528555457356e-30
