,,tGAN_generated,tGAN_original
diar_No,0.0,0.0,0.022356739305891847
diar_No,1.0,1.0,0.9776432606941081
diar_Yes,0.0,1.0,0.9776432606941081
diar_Yes,1.0,0.0,0.022356739305891847
head_No,1.0,0.906456820016142,0.8893462469733656
head_No,0.0,0.09354317998385794,0.11065375302663438
head_Yes,0.0,0.906456820016142,0.8893462469733656
head_Yes,1.0,0.09354317998385794,0.11065375302663438
