,,tGAN_2_generated,tGAN_2_original
diar_No,1.0,0.992816787732042,0.9776432606941081
diar_No,0.0,0.00718321226795803,0.022356739305891847
diar_Yes,0.0,0.995318805488297,0.9776432606941081
diar_Yes,1.0,0.004681194511702986,0.022356739305891847
head_No,1.0,0.9020984665052462,0.8893462469733656
head_No,0.0,0.09790153349475383,0.11065375302663438
head_Yes,0.0,0.9022598870056497,0.8893462469733656
head_Yes,1.0,0.09774011299435029,0.11065375302663438
