,,tGAN_1_generated,tGAN_1_original
diar_No,1.0,0.9991928974979822,0.9776432606941081
diar_No,0.0,0.0008071025020177562,0.022356739305891847
diar_Yes,0.0,0.9991928974979822,0.9776432606941081
diar_Yes,1.0,0.0008071025020177562,0.022356739305891847
head_No,1.0,0.8666666666666667,0.8893462469733656
head_No,0.0,0.13333333333333333,0.11065375302663438
head_Yes,0.0,0.8675544794188862,0.8893462469733656
head_Yes,1.0,0.1324455205811138,0.11065375302663438
