,precision,recall,f1-score,support
0.0,0.9900497512437811,1.0,0.995,199.0
1.0,1.0,0.9902912621359223,0.9951219512195122,206.0
accuracy,0.9950617283950617,0.9950617283950617,0.9950617283950617,0.9950617283950617
macro avg,0.9950248756218906,0.9951456310679612,0.9950609756097561,405.0
weighted avg,0.9951108654259567,0.9950617283950617,0.995062029509184,405.0
