y_col,window_length,batch_size,epochs,test_loss,test_metric
0,65,64,20,18.05930519104004,2.582108736038208
1,65,64,20,22.324052810668945,3.3558831214904785
2,65,64,20,3.7356982231140137,0.6001514196395874
3,65,64,20,3.6875839233398438,0.5847185254096985
4,65,64,20,0.008297000080347061,0.0015432803193107247
5,65,64,20,0.04011077433824539,0.0041385251097381115
