y_col,window_length,batch_size,epochs,test_loss,test_metric
0,65,64,15,16.689685821533203,2.301638126373291
1,65,64,15,22.926464080810547,3.4025938510894775
2,65,64,15,2.604152202606201,0.39933156967163086
3,65,64,15,4.186219215393066,0.6498115658760071
4,65,64,15,0.006663705687969923,0.0015942539321258664
5,65,64,15,0.04452209919691086,0.004782142583280802
