y_col,window_length,batch_size,epochs,test_loss,test_metric
0,65,64,20,3.3530521392822266,0.31761059165000916
1,65,64,20,17.51083755493164,3.097426414489746
2,65,64,20,3.607971668243408,0.5522281527519226
3,65,64,20,3.0186734199523926,0.5571228265762329
4,65,64,20,0.009431425482034683,0.0012319317320361733
5,65,64,20,0.129642516374588,0.021199148148298264
