y_col,window_length,batch_size,epochs,test_loss,test_metric
0,65,64,15,3.6121985912323,0.3144284188747406
1,65,64,15,15.221030235290527,2.5556323528289795
2,65,64,15,2.3531036376953125,0.41054093837738037
3,65,64,15,4.019885063171387,0.6783336400985718
4,65,64,15,0.032839931547641754,0.009432529099285603
5,65,64,15,0.1314149647951126,0.018767671659588814
