,column_index,radius,score
0,0,1,0.3080934188835646
0,1,1,0.9598703886380663
1,2,1,0.9974582717197463
2,3,1,0.8932269371940781
3,4,1,0.9994711681200318
