,column_index,radius,score
0,0,1,0.4235005147452059
1,1,1,0.865613974096058
2,2,1,0.9799916997343947
3,3,1,0.7617721002425792
4,4,1,0.9979049691658125
