y_col,window_length,batch_size,epochs,test_loss,test_metric
0,130,64,20,12.926789283752441,0.22722238302230835
1,130,64,20,8.582609176635742,0.0006955296266824007
2,130,64,20,32.068359375,0.00035824126098304987
3,130,64,20,2.775613784790039,0.3427203595638275
4,130,64,20,10.018695831298828,0.08621862530708313
