y_col,window_length,batch_size,epochs,test_loss,test_metric
0,65,64,15,4.548269271850586,0.5800508856773376
1,65,64,15,2.5800278186798096,0.356852650642395
2,65,64,15,20.981252670288086,3.535945177078247
3,65,64,15,1.5424714088439941,0.20301087200641632
4,65,64,15,6.689484119415283,1.1087476015090942
