y_col,window_length,batch_size,epochs,test_loss,test_metric
0,65,64,15,6.726365089416504,1.0839004516601562
1,65,64,15,4.044925689697266,0.5099533200263977
2,65,64,15,20.59741973876953,2.9341228008270264
3,65,64,15,1.43408203125,0.17893663048744202
4,65,64,15,4.037988185882568,0.6081823110580444
