y_col,window_length,batch_size,epochs,test_loss,test_metric
0,130,64,20,11.117691993713379,0.008255748078227043
1,130,64,20,7.472538948059082,0.2799387276172638
2,130,64,20,32.146751403808594,0.002154194051399827
3,130,64,20,3.7443742752075195,0.38903215527534485
4,130,64,20,9.950250625610352,6.044037945684977e-05
