,DoppelGANger_0928,DoppelGANger_0928
,ori MSE,gen MSE
LR,0.004709075518809413,0.003962424532544208
KNR1,0.0045203244060866045,0.0024551336769760615
DTR,0.006482711962435749,0.0018681564711192813
