,DoppelGANger_0928,DoppelGANger_0928,DoppelGANger_0928,DoppelGANger_0928,DoppelGANger_0928
,y_col,test_loss_trtr,test_metric_trtr,test_loss_tsts,test_metric_tsts
0,ab_pain_dur,0.005936170928180218,0.000574032252188772,0.002793006133288145,0.0009537549340166152
1,age,0.015902049839496613,0.002155991969630122,0.013974040746688843,0.004655459895730019
2,aneroxia_dur,0.001408986747264862,0.0010873142164200544,0.0016599642112851143,0.0008289450779557228
3,plasmodium_density,0.0011033960618078709,0.00018049305072054267,0.0007252703653648496,0.0002587786875665188
4,cough_dur,0.00921004917472601,0.00223739561624825,0.0023158283438533545,0.0006117661250755191
5,diarrhea_dur,0.0019240359542891383,0.0014049067394807935,0.00187786971218884,0.001358214532956481
6,fatigue_dur,0.0008702304330654442,0.00033919449197128415,0.0017660525627434254,0.0011337243486195803
