,DoppelGANger_0814,DoppelGANger_0824,DoppelGANger_0827,tGAN,tGAN 1,tGAN 2,tGAN 4
LR,13869.773709929019,270130.45912564534,2465901.12110501,67110.24355880813,15292.673513343774,16785.15944520978,14564.783718723045
DTR,20661.48431079226,86719.66292278269,521023.4435486775,117342.8200288987,92690.6980925419,47202.0738981778,52007.31571869122
SVM,9125.250369580728,498701.0713770482,5600245.371361715,77844.63286403722,19800.58927085047,25844.49637531834,18627.47932802026
RFR,5633.825358840173,557797.1239571106,837311.7327254469,73879.02413946575,38305.473455035026,28469.530176829252,22829.114367580667
KNR1,2963.5738465799873,81238.28335743767,113196.41877112219,53662.54852215,19833.098347685987,31512.736200921932,18645.392539973654
KNR5,2963.5738465799873,81238.28335743767,113196.41877112219,53662.54852215,19833.098347685987,31512.736200921932,18645.392539973654
