,DoppelGANger_0814,DoppelGANger_0814,DoppelGANger_0824,DoppelGANger_0824,DoppelGANger_0827,DoppelGANger_0827,tGAN,tGAN,tGAN 1,tGAN 1,tGAN 2,tGAN 2,tGAN 4,tGAN 4
,ori,gen,ori,gen,ori,gen,ori,gen,ori,gen,ori,gen,ori,gen
LR,414.74490757843705,574.4255815345999,1350.1200432758208,2321.8060922522195,1441.8124050343558,2979.2261621697185,154.78169079075687,0.4480844177589605,374.50519639090743,13.498164214437432,165.2649661343696,13.635853042313554,283.81930341276717,17.556589682339272
DTR,787.9496168148878,749.2039575729548,2266.9381094993987,2341.938247229839,2667.5301193261926,1557.8476727911964,236.13731605208895,0.08415817247700412,428.6348525936086,1.4445243212487038,236.82139734426733,0.4991868802147084,364.09664047815994,0.6474078017056136
SVM,448.2598754402719,666.0337655349357,1382.6615018139457,2704.4685816703554,1516.8935631498855,3788.375048509837,318.62814680263165,1.7932693771802912,393.2048839941568,28.168791721385933,207.52610440389654,47.14187268591692,304.7121596020435,30.479111528685575
RFR,413.0120495495291,383.70525953164884,1677.2468126570848,1236.6344682343529,1813.593322217531,799.8061849220827,165.08475045543392,0.04753478109003334,363.26865104481703,0.6787152693211286,184.07768411607358,0.30117348435926466,264.70624274890207,0.3141617618063137
KNR1,432.59606549505787,476.0638392451359,1606.7354721674267,1521.243802687591,1688.2398753561704,2022.4058269043155,166.12546359633467,0.6724373814578324,359.42918302987033,4.196853783868124,190.09774889920266,1.8461303293009583,245.90000192788293,1.8026478236901398
KNR5,432.59606549505787,476.0638392451359,1606.7354721674267,1521.243802687591,1688.2398753561704,2022.4058269043155,166.12546359633467,0.6724373814578324,359.42918302987033,4.196853783868124,190.09774889920266,1.8461303293009583,245.90000192788293,1.8026478236901398
