,DoppelGANger_0814,DoppelGANger_0824,DoppelGANger_0827,tGAN,tGAN 1,tGAN 2,tGAN 4
LR,431.3386489149335,1882.235764641198,4855.413065064197,1510.6277231819752,2454.1215231642627,1104.1367452887673,1141.1997901244215
DTR,1002.7818902420668,11284.268324583601,2421.5769010030713,182.1627436627692,270.9361900514277,202.93825120084088,160.8691438107253
SVM,491.9523494189383,1425.27822426137,2347.517094099606,663.6999948901172,738.9473161630071,530.1440140044614,1284.2328923659018
RFR,493.41585017957533,5252.826592177728,1791.73148793123,174.43502376704274,265.1178121415365,194.38940817204016,154.30086681983266
KNR1,566.2060148159933,4491.061485146911,3244.255212956998,218.15898412724107,189.97595391745003,194.64063393726474,213.44230589290305
KNR5,566.2060148159933,4491.061485146911,3244.255212956998,218.15898412724107,189.97595391745003,194.64063393726474,213.44230589290305
