,DoppelGANger_0903,DoppelGANger_0903
,ori MSE,gen MSE
LR,62570650.4341126,1033946.350479093
KNR1,75115076.32652563,691028.0105864487
