,DoppelGANger_0903,DoppelGANger_0903,DoppelGANger_0903,DoppelGANger_0903,DoppelGANger_0903
,y_col,test_loss_trtr,test_metric_trtr,test_loss_tsts,test_metric_tsts
0,ab_pain_dur,0.04288166016340256,0.004962187260389328,0.11242761462926865,0.013384254649281502
1,age,2.1432242393493652,0.30642932653427124,2.0071959495544434,0.27683040499687195
2,aneroxia_dur,0.023713015019893646,0.002502149436622858,0.0997820571064949,0.011770847253501415
