,DoppelGANger_0903,DoppelGANger_0903,DoppelGANger_0903,DoppelGANger_0903,DoppelGANger_0903
,y_col,test_loss_trtr,test_metric_trtr,test_loss_tsts,test_metric_tsts
0,ab_pain_dur,0.03532705083489418,0.0034487408120185137,0.11032300442457199,0.011494328267872334
1,age,2.1345558166503906,0.31096938252449036,2.0386199951171875,0.2812787890434265
2,aneroxia_dur,0.01815413311123848,0.0020503925625234842,0.09839280694723129,0.013191558420658112
