,DoppelGANger_0903,DoppelGANger_0903,DoppelGANger_0903,DoppelGANger_0903,DoppelGANger_0903
,y_col,test_loss_trtr,test_metric_trtr,test_loss_tsts,test_metric_tsts
0,ab_pain_dur,0.03177386522293091,0.004272851627320051,0.10860620439052582,0.011370466090738773
1,age,2.029108762741089,0.21166661381721497,1.9756439924240112,0.22736720740795135
2,aneroxia_dur,0.013359906151890755,0.0014983188593760133,0.09560944885015488,0.011753817088901997
