,DoppelGANger_0824,DoppelGANger_0814,tGAN,tGAN_1,tGAN_2,tGAN_4
dday,0.03697866499685078,0.1151722835782771,4.940470936367863e-18,3.8691799375250095e-05,7.551951241349717e-05,1.7578745171624286e-07
height,0.03687370223639946,0.4654703989302478,8.296753306058298e-07,0.07058577492011614,0.04303996832430046,0.21174175818919644
weight,0.0013973960877206686,0.06143228955121466,3.9174557788929496e-07,0.15806321526260295,0.0330260920666367,0.21742873846449945
temp,0.0004572620826759667,0.0007649496072710334,9.246814848529768e-11,9.698361225182036e-05,5.869376534577211e-06,0.17698329331239998
vomit_dur,3.575489342341887e-08,,5.603722710715935e-51,5.755166060748576e-51,4.749056366448256e-56,5.935165276217778e-54
cough_dur,2.3641614843874878e-11,,3.982978882323545e-34,4.1120442053409243e-35,3.05940138126749e-32,3.412501558901496e-32
age,,0.015063235710398868,,,,
